{"cameraMode":{"drawMode":0,"name":"Shaded","section":"Shading Mode"},"sceneLighting":true,"audioPlay":false,"sceneViewState":{"m_AlwaysRefresh":false,"showFog":true,"showSkybox":true,"showFlares":true,"showImageEffects":true,"showParticleSystems":true,"showVisualEffectGraphs":true,"m_FxEnabled":false},"in2DMode":false,"pivot":{"x":0.0012882072478532792,"y":5.355958461761475,"z":19.021099090576173},"rotation":{"x":0.09039048850536347,"y":-0.0012824909063056112,"z":-0.0002020355750573799,"w":-0.996048629283905},"size":12.892668724060059,"orthographic":false}